full_name,email,ssn,address,phone_number,birthdate
Barbara Clark,jonathan51@example.net,717-16-4104,"970 Kristen Forges, Smithside, ID 37666",(734)953-8204x1641,1957-08-02
Brandon Moss,gbrown@example.org,601-09-6117,"30466 Rebecca Keys, Brianview, MS 33891",001-354-563-5848x090,1950-09-01
Edward Ruiz,sarah41@example.com,644-58-8153,"PSC 3611, Box 3615, APO AE 82734",(604)830-3165x4880,1951-11-12
Melissa Hayden,erinjones@example.com,020-90-8516,"2039 Parker Heights Apt. 630, North Sean, MI 85990",(942)548-5511x8506,1964-04-18
David Porter,maciasjonathan@example.net,244-46-4282,"4329 Harold Burgs, Andrewchester, AL 37557",9725282073,1994-03-20
David Edwards,baxtersandra@example.net,262-46-0280,"702 Caitlin Lake, West Vickieville, SD 76965",001-728-380-7186x690,1998-11-18
Tina Jones,stephensonpamela@example.com,099-02-9109,"9184 Barnett Loop, North Danielle, MO 30884",388.933.3988x31860,1958-04-15
Charles Lowe,twoodard@example.com,587-95-8677,"27151 Jason Coves Suite 228, East Jeffery, PA 24765",(293)563-5741x09948,1971-04-14
Charles Boyd,ubeck@example.com,412-91-1001,"99587 Dougherty Falls, North Gabrielview, AZ 65413",+1-284-275-4464x282,1946-01-14
Heather Mcbride,andrea29@example.org,596-11-3343,"12596 Timothy Alley, Cummingsfort, TX 20382",(742)294-5949x92791,1968-11-30
David Butler,sandovaldawn@example.net,873-50-4749,"343 Wesley Prairie, Port Annshire, WA 43712",(587)678-8453x5092,1948-10-11
Rodney Mercer,samantha73@example.net,847-74-4587,"79983 Cynthia Station, West Caitlin, WY 28173",+1-280-831-8338x9451,1994-04-06
Paula Howard,brianwalker@example.org,002-18-0539,"032 Dawson Crossroad, North Carlbury, CO 28468",349-218-6111x0348,1948-06-04
Sabrina Rodriguez,travis43@example.org,411-92-3282,"51704 White Junction, Elizabethberg, TN 27817",001-647-899-7837x936,1978-04-04
Amy Hardy,sarahfaulkner@example.net,662-25-1110,"47567 Morales Prairie, Kevinburgh, WV 84288",231-943-1947,1984-04-13
Cody Brown,awilliams@example.net,736-27-9117,"USS Owens, FPO AA 19475",001-673-991-9215x555,1990-04-12
Paige Turner,kathrynwilliams@example.org,289-62-6131,"534 Montgomery Cliffs, New Regina, MN 59517",(680)843-5849x7967,1990-09-03
Chelsea Johnson,russojason@example.org,629-46-2494,"8909 Kimberly Forges Apt. 041, Lake Mary, MI 61098",+1-516-739-4608x6367,1936-04-22
Jeremy Jackson,garyflynn@example.org,596-63-7908,"85445 Mitchell Mountains Apt. 765, Kimberlybury, WA 31262",3478448822,1970-06-07
Anthony Anderson,ndixon@example.net,309-28-3938,"34761 Sosa Forge Apt. 379, West Terri, VA 80108",586.699.8245x81765,2003-06-05
Angela Hall,carsonalexander@example.org,009-58-0387,"5522 Webster Spur, Paulmouth, NY 43701",001-224-656-0381x632,1957-06-26
David Norris,michaellutz@example.com,591-32-8182,"2037 Cook Spurs, Port April, ND 14137",(701)295-7344,1935-03-26
Crystal Robinson,vaustin@example.com,679-07-3523,"6584 Benjamin Flats Apt. 518, Scottville, MT 38347",+1-348-786-1260x4255,1986-05-28
Philip Barrera,omedina@example.net,596-16-1299,"3964 Foster Ramp, Hernandezmouth, MH 32297",001-621-455-2216x373,1942-11-10
Ryan Wilson,ronald84@example.com,659-36-4834,"14814 Allen Villages Apt. 180, Victorview, VT 10598",001-200-802-9800,1986-03-13
Betty Gonzalez,ryan91@example.com,640-18-8195,"65375 Kevin Locks Apt. 060, East Maryfurt, WA 51539",986.399.0695,1934-02-17
Holly Wilson,moranbrent@example.net,471-81-4445,"342 Buchanan Creek, Lake Daniel, NY 31676",(999)974-2010x52268,1951-12-24
Luke White,katelynjohnson@example.net,081-47-1836,"62833 Thompson Crest Suite 796, Christopherchester, PW 72113",442-425-2614,1974-04-25
Thomas Barnett,codyparker@example.net,058-85-2710,"60048 Patrick Freeway, Davidborough, IN 13376",737-381-9411x417,1994-09-15
Craig Hubbard,henryrobert@example.org,508-21-2152,"5287 Clark Crescent, New Scott, NM 38423",001-485-770-3075x454,1979-12-15
Mrs. Lisa Hutchinson,joshuacarr@example.net,582-46-3149,"4131 Jim Wall Apt. 803, Lisahaven, MN 37819",879.494.6469x0116,1978-01-07
Larry Miller,khopkins@example.org,400-47-8972,"PSC 2899, Box 1741, APO AA 73599",238-795-9219x9766,1950-08-25
Frank Lambert,sean52@example.com,107-61-7645,"6370 Perez Canyon, Jeffmouth, KS 49964",(400)327-6388x186,1967-10-31
William Gallegos,timothystewart@example.com,569-55-6715,"1284 Graham Ports, North Julia, NV 41715",811-482-9151x491,2003-08-06
Daniel Chan,duncanmark@example.com,383-29-3637,"78695 Ashley Drive Suite 270, Kevinberg, IL 65203",2503111913,1974-02-19
Michael Hernandez,kenneth39@example.net,700-39-0083,"62724 Brett Burg Suite 885, Lake Matthewbury, DE 02011",+1-686-846-0684x5249,1994-05-03
Eric Tucker,jessecarter@example.net,832-18-0123,"191 James Neck, South Robertton, NM 98132",860.246.0098,1970-02-05
Ricky Brown,csmith@example.com,283-50-4127,"376 Yolanda Mill Suite 616, Perryberg, OR 49666",+1-395-429-6196,1961-10-31
James Ramirez,vnielsen@example.org,352-69-8574,"23791 Rodriguez Plains, Davismouth, LA 26659",001-918-519-6751x645,1966-06-15
Danielle Allen,david62@example.com,850-30-1073,"948 Candace Ferry, West James, MP 50822",(905)620-5994,1982-04-10
Tonya Fitzpatrick,xpruitt@example.com,445-61-9871,"527 Charles Flats, Kevinhaven, PA 55485",(862)857-3037x51688,1999-01-08
Susan Edwards,anthony63@example.com,281-76-7726,"24462 Stephanie Landing, New Tabitha, AL 65208",993-735-9701x01714,1934-02-15
Amy Hall,leachnicholas@example.com,718-54-5774,"613 Susan Passage, South Michaeltown, VI 05239",+1-932-602-2942,1965-01-23
Grant Ray,pricescott@example.net,039-83-3558,"10551 Anna Springs, Michellestad, HI 86487",3069530742,1984-08-06
Todd Hill,johnsongary@example.net,114-98-0712,"Unit 4639 Box 1815, DPO AA 32591",+1-815-587-2428x9699,1955-07-17
Jacob Macias,henrygonzalez@example.com,038-13-8091,"09546 Miller Court Suite 093, West Christopherhaven, DC 52847",843.336.1119,1942-04-07
Donald Bryant,dperez@example.com,801-59-5972,"502 Ali Mall Apt. 416, West Dennishaven, VA 75300",3333728870,1942-06-21
Melissa Gutierrez,douglas10@example.org,799-33-9792,"7039 Shannon Inlet, Haroldmouth, NY 07610",422-286-0958x90814,1970-09-18
Joseph Robinson,shannonsanchez@example.org,569-32-1441,"891 Travis Ports, Tateland, ID 35864",624-400-9090x18990,1979-02-28
Kimberly Wallace,austin99@example.org,201-16-3707,"47327 Karen Grove Apt. 965, Port Ariana, PR 71703",338-645-7869,1992-07-27
Nicole Rios,cardenasdiana@example.org,799-07-6145,"33080 Kline Estate, North Jessicaborough, IN 63489",321.905.2035x14748,1952-02-05
Alicia Johnson,john20@example.net,566-03-0397,"249 Cristina Drive, Daltonside, ID 43913",001-458-283-6531x862,1953-10-08
Jennifer Kim,vaughnglenn@example.net,230-96-3918,"0741 Haley Loop Apt. 625, Donnamouth, OK 99178",001-899-583-2614x731,1937-05-10
Jesse Burke,josesoto@example.net,410-81-2727,"499 Ashley Mills, Smithmouth, TN 07960",001-392-928-4035,1943-10-30
Ashley Mccall,patriciavaughn@example.org,242-25-3497,"44399 Robin View, Robertsonbury, MH 33645",972-456-2394,1982-01-16
Rebecca Ward,victor44@example.org,406-35-3288,"7650 Johnson Fort, New Brianfurt, CA 44962",7576788141,1938-09-28
Mr. John Torres,aespinoza@example.net,472-39-1906,"Unit 1200 Box 7540, DPO AP 54570",437-983-2195,1950-09-24
Dustin Dalton,natalie23@example.net,399-62-2698,"063 Dorsey Roads, Martinezfort, WA 04548",761.839.4042x029,1979-03-02
Heather Martin,laura02@example.org,311-58-1429,"23466 Katrina Shore Suite 760, Mayberg, ME 55611",288.918.9705x497,1940-11-12
Kayla Thompson,deborahrios@example.net,218-73-0168,"16842 Jimenez Burgs, Lake Ericstad, VA 17906",571-709-4479x16627,1993-06-12
Francisco Hall,steven89@example.net,453-74-7409,"77963 Jennifer Passage, Hayleyview, MO 58997",+1-374-630-3815x727,1971-02-17
Andrew Cook,cookedoris@example.com,811-41-3172,"6523 Thompson Hills Suite 073, Manuelton, NJ 47776",737.471.1389x340,1978-09-27
Marie Chen,tinabennett@example.net,737-31-4516,"7040 Jessica Passage, Catherineburgh, WY 90590",520.561.1919x4972,1982-02-14
Wanda Carter,brian26@example.net,499-57-8875,"885 Mayer Rue, South Kyle, DE 87664",497-925-4075,1939-08-28
Jason Rodriguez,josephcochran@example.com,754-70-9430,"66858 Sawyer Trail Suite 528, South Jacobchester, ME 27004",001-774-725-2134,1979-12-03
Joshua Lopez,fgonzales@example.org,712-83-1349,"317 Kenneth Mount Suite 639, East Alisonview, NV 72425",(687)845-7284,2002-09-25
Benjamin Anderson,leeerika@example.org,789-31-8473,"Unit 2837 Box 4907, DPO AA 44075",225-367-1189x0162,1940-08-07
Frank Herrera,chase27@example.org,358-01-1414,"97665 Robert Dam Suite 517, Barronchester, SC 66896",+1-549-264-2744,1960-04-25
Joann Bates,williampeters@example.net,636-83-5027,"PSC 4023, Box 1228, APO AE 56427",994-978-2195,1995-01-06
John Salinas,sandrarodriguez@example.org,836-30-8598,"500 Wilcox Loop Suite 532, Rebeccaland, VT 47418",233-839-8626x20921,1978-08-24
Brett Chapman,kevin16@example.net,427-60-2632,"5590 Stewart Row, East Christopher, FL 42387",001-685-403-1461x800,1959-02-22
William Decker,lmarshall@example.org,575-11-3966,"364 Hughes Cape, Lake Troymouth, OR 89838",221.634.3035,2003-12-31
Michael Sharp,heberttaylor@example.com,811-83-5294,"56174 Adam Harbor, Hendersonland, NC 66160",608-219-6986x5102,1941-05-12
Anna Dunn,sarahreynolds@example.com,099-64-9427,"4037 Stewart Valleys, Johnburgh, WA 62931",001-883-442-9973,2001-01-28
Kayla Henry,derricksutton@example.net,508-84-0446,"387 Roy Throughway Apt. 408, Waynetown, MI 77674",655.776.5013x409,1953-12-30
Joel Carroll,john52@example.net,072-45-2847,"362 Smith Tunnel Apt. 883, Jeffreyside, ME 42807",+1-325-403-3999x7376,1989-01-01
Kristen Hansen,hsmith@example.com,751-72-9804,"6672 Jessica Neck Apt. 793, Arellanoland, OR 58214",(620)284-0794,2004-09-01
James Reilly,michellebrown@example.net,790-56-7145,"67776 Smith Stream Suite 034, Justinview, OH 28672",728.653.0294x444,1976-08-02
Andrew Peterson,timothyarmstrong@example.org,381-98-7026,"5350 Walker Shores, Sanchezland, MA 07158",375-366-0842x970,1986-11-05
Lisa Russo,ithomas@example.net,518-77-9754,"9445 Billy Stream, Mikaylachester, GA 65073",(558)875-2759x50571,1934-10-07
Christopher Baldwin,ebyrd@example.org,397-06-6792,"651 Jennings Ways Apt. 497, Liview, ME 38331",720-782-9527,1951-09-03
Keith Hansen,williamrivera@example.net,096-38-4202,"3541 Krystal Ramp, Boyleshire, CA 26933",527.501.9392x74664,2005-05-22
Jessica Lee,sfrye@example.com,849-54-7222,"89803 Thomas Square Suite 601, South Jamesmouth, PA 67852",(309)949-9508x974,1983-08-27
Joshua Potter,vcrawford@example.org,343-03-4515,"279 Greene Port, Newmanside, GA 26198",207-578-7318x9787,1980-04-20
Erik Berger,paynejennifer@example.net,208-66-6398,"491 Mason Neck, East Jeffery, ND 72599",3808575951,1982-03-02
David Mercado,lthomas@example.net,604-64-5756,"233 Bruce Corners Apt. 219, Lake Alexandra, TX 59666",(210)660-4884x25356,1936-12-15
Jermaine Williams,xsnyder@example.com,612-73-7557,"4698 Chang Shoals, Lindamouth, DE 11076",989-875-9579,1973-10-19
Charles Carr,michaelwood@example.org,621-41-0434,"Unit 4986 Box 2443, DPO AE 64043",825.873.9258,2002-06-27
Anthony Chang,jay66@example.net,086-42-7937,"USNS Watson, FPO AA 82546",(758)474-4816x8339,1963-05-16
Raymond Cooper,milleradam@example.org,266-50-7553,"47156 Ramirez Port Suite 125, Tannerstad, GU 94916",+1-351-990-7208x1955,1967-09-29
Susan Bradford,reesesue@example.com,168-74-5170,"USS Owens, FPO AE 18226",(769)381-2338,2005-07-03
Christopher Dixon DVM,vrollins@example.org,034-18-9254,"4678 Frances Avenue, Jessicaborough, MP 16130",001-374-485-7227x134,1973-09-24
Monica Harris,jtaylor@example.com,565-28-0169,"406 Melendez Summit Apt. 160, East Mitchell, NJ 73536",368.742.0910x392,1985-10-07
David King,powersmark@example.net,472-04-6270,"649 Evan Shoal, South Christine, MN 74750",2218379333,1936-04-11
Erin Chan,lynn50@example.org,054-99-1394,"13671 Bowman Crest, Fosterside, ID 04982",710.586.7183x553,1996-04-14
Sarah Evans,craig92@example.net,051-96-1816,"18712 Jeffrey Views, South Josebury, IA 46719",767-857-2496,1974-10-06
Steven Brown,csmith@example.org,860-36-5932,"60479 Avery Corner Apt. 697, New Alexander, PW 01399",001-859-983-0045x643,2004-10-11
Stephanie Alexander,bradleypatrick@example.com,276-75-5587,"4118 Lopez Squares Apt. 491, South Jade, NE 95364",7526420955,1960-03-19
Rebecca Payne,kathyroth@example.org,578-01-6207,"569 Tran Squares Apt. 971, Brownfort, GA 74461",636-291-7691,1943-07-01
Ashley Ayala,sean41@example.org,561-56-3836,"52102 Holland Island, West Ebony, WY 64657",750.780.1974x5697,1947-11-11
Amanda Garcia,garciajoshua@example.net,282-38-9331,"86853 Adrian Shores, Lake Darrellchester, OK 87520",619-993-8657,1972-09-29
Deborah Woods,sarah39@example.com,404-20-6951,"PSC 5258, Box 6873, APO AE 16351",+1-220-691-2288,1998-02-05
Cynthia Whitehead,ryan89@example.org,703-56-2735,"USNS Tate, FPO AP 11472",(754)838-6578x398,1950-05-14
William Perry,kingkaitlin@example.net,462-25-8893,"Unit 9927 Box 1616, DPO AA 71351",853.363.8756x98846,2003-12-14
Emily Golden,rebecca71@example.net,386-96-1894,"00161 Graham Throughway Suite 921, East Matthewland, FL 16877",001-491-449-8609x190,1991-12-22
Zachary Johnson,timothy69@example.com,845-16-6712,"4678 Tracy Vista Suite 127, Torresborough, MO 23628",+1-795-279-8269x2543,1993-04-02
Julia Jones,paulbrittany@example.com,673-93-2579,"191 Hayes Burg, Desireetown, NV 86844",+1-889-477-0808x697,1967-09-30
Albert Hunt,simpsonchristine@example.org,269-85-8280,"966 Martin Lake Suite 415, Lynchstad, MI 27151",001-707-404-0900x011,1938-03-08
Kara Ware,brittanyrush@example.net,537-80-8609,"9568 Robinson Corners, South Larry, NY 83585",769-214-2836x97102,1951-12-05
Christopher Morales,santospamela@example.net,707-70-7505,"54971 Smith View Apt. 025, West Wendymouth, NC 31663",(864)865-7353x63022,1999-04-14
Michael Curry,denniszachary@example.com,614-96-4133,"39946 Paul Keys Apt. 470, Harrisfurt, KY 21271",8434268938,1998-08-20
David Johnson,sgordon@example.org,048-75-0635,"1202 Meyer Valley Apt. 336, Brendatown, FL 94404",(899)942-1208,1957-06-05
John Salinas,ronald87@example.com,458-99-0340,"8791 Elizabeth Road Suite 322, New Lauriestad, GU 69651",766.560.6068x016,1962-05-16
Joshua Ayers,michaela69@example.com,434-84-0715,"015 Kimberly Centers Suite 276, West Chad, NC 76370",383.599.6878x7551,1987-09-17
Melinda Rowe,adrianathompson@example.org,723-73-9249,"7578 Mcguire Knolls, Millerstad, NV 15077",001-363-474-9183x880,1978-08-14
Dr. Stephanie Mendez,jacquelineanthony@example.org,715-65-2514,"004 Elizabeth Curve Suite 747, Huffmanbury, NJ 87277",+1-436-322-3599,1993-06-10
Dawn Hopkins,sloanamanda@example.com,402-34-1278,"50330 Christopher Centers Suite 535, Hernandezmouth, DC 22526",(878)600-0283,1980-07-11
Meghan Vasquez,vferguson@example.com,022-46-2723,"096 Rosales Cliffs Apt. 619, Michaelburgh, PA 62952",(247)463-2646x746,1990-12-14
Margaret Ford,brownshawn@example.com,014-46-8588,"6555 Lori Wells, New Russellton, MI 68997",+1-646-529-6368,1998-10-23
Yolanda Hall,hadams@example.com,047-21-4720,"2750 Kramer Mills Apt. 985, Kathrynchester, MO 18161",+1-580-499-3491x924,1973-12-07
Charles Farley,munozsarah@example.com,696-12-3585,"135 Christian Manor Apt. 613, Robertsberg, MS 15007",927-791-3995x759,1957-10-25
Kara Johnson,kchristian@example.com,394-18-1413,"0127 Clark Spur, Maryside, GU 41277",001-690-900-8513x072,1975-05-30
Latasha Simmons,amoore@example.net,580-23-1035,"14501 Stout Viaduct Apt. 540, East Marystad, WI 71536",954.970.6818,1979-03-12
Cheryl Hopkins,xnguyen@example.com,843-63-5657,"4583 Brittany Camp Apt. 194, Lake Anthonytown, TN 04031",273.839.1800x22748,1981-12-01
Candace Briggs,brett30@example.org,176-59-6938,"01230 Joseph Springs, West Kenneth, WV 16527",7494085972,1989-01-21
Michelle Bates,wangwesley@example.net,296-10-7891,"203 Martin Turnpike Apt. 762, Port Joshuaton, KY 83804",4174711436,1956-08-27
Matthew Matthews,hruiz@example.net,654-34-3705,"64251 William Course, Port Nicholas, ND 12827",(923)902-5826,1980-03-20
Philip Brown,dbell@example.net,765-04-1955,"84874 Christopher Shoal Suite 453, Chapmanstad, NM 98807",001-987-419-7048,1992-02-25
Steven Watts,zrodriguez@example.org,471-99-1990,"486 Erika Greens Apt. 525, North Peggyhaven, GA 53906",+1-617-327-7470x9607,1978-06-04
Kevin Jensen,eric73@example.com,874-18-1074,"9924 Chris Neck Apt. 412, Cruzshire, HI 99470",001-575-486-6480x888,1973-02-02
Tiffany Torres,melissabailey@example.net,376-27-1993,"5953 Edward Parks, Richardfurt, LA 94589",+1-582-546-5017,1956-06-16
Cindy Brown,sean11@example.org,158-29-0243,"31975 Andrea Isle Suite 817, Alvarezburgh, GA 06593",(853)683-0790,1960-12-28
Logan Wright,robert95@example.com,200-86-7490,"Unit 1626 Box 6255, DPO AE 79704",276-342-0661,1934-02-15
Jennifer Johnson,uhill@example.com,818-48-2335,"93340 George Burgs Suite 989, East Michaelmouth, FM 04499",+1-203-839-5897x8705,1974-10-16
Shawn Lopez,dnguyen@example.net,049-45-2813,"72241 Kristin Fords, Ramosfurt, VI 13240",(661)388-2426,1997-02-23
Juan Mcgrath,bailey94@example.org,215-79-9237,"294 William Trail Suite 610, Rodriguezberg, AS 48886",2593098733,1975-07-18
Matthew Ortega,skinnerjustin@example.org,432-03-5223,"00785 Christopher Pine Apt. 304, Lake Williamstad, MN 42239",285-875-6897x69730,1956-05-06
Leslie Moore,gmiller@example.net,341-91-4763,"4426 Rick Square, Douglasbury, OK 85271",995.712.3885x7968,1959-04-13
Richard Schmidt,ballbenjamin@example.net,381-80-5680,"3820 Christina Mountains, East Jenniferland, CO 12060",2777581320,1999-03-22
James Stevenson,katherinemiller@example.com,663-37-7558,"0298 Michelle Radial, Maldonadobury, KS 04896",(946)465-0942x3393,1964-11-23
Laura Thomas,christopher26@example.net,005-17-9339,"6757 Keith Mall, West Patrickhaven, OR 78029",(874)980-3706,1943-10-23
Brittany Sloan,johnsonjason@example.org,506-93-8617,"437 William Trafficway Suite 763, West Harold, VA 81853",743-385-7655x6403,1968-10-28
Richard Smith,johnsonjohn@example.org,802-24-4414,"665 Doyle Lodge, North Kim, FL 50593",298.751.8429,1960-12-22
Tanner Sherman,cynthiasantiago@example.com,247-21-2693,"378 Kimberly Key Suite 569, New Kevin, TN 62917",357.532.3663,1938-10-06
Victoria Cross,zcrawford@example.org,535-89-5284,"905 Melissa Meadows, West Michaelstad, ME 14697",001-237-237-0457x756,1936-10-16
Desiree Guerrero,gina16@example.com,858-62-1625,"666 Banks Mission Apt. 003, Jeffhaven, MT 18589",001-774-572-3027x567,1983-01-13
Taylor Nguyen DDS,davidwade@example.com,871-89-3310,"USS Weiss, FPO AE 26313",637-493-6406x56786,1990-08-23
Harold Johnson,steelesuzanne@example.org,246-61-7443,"971 Hunt Isle, Daniellefort, NJ 95857",+1-228-852-9490x786,1952-08-27
Janice King,kyliephillips@example.org,356-81-5179,"720 Matthew Fort, East Grantberg, TX 78837",344-657-7706,1962-12-19
Joshua Wilson,smithlinda@example.com,079-73-4705,"Unit 5669 Box 5653, DPO AA 72087",(498)793-1445,1974-07-21
Katelyn Whitehead,cooklogan@example.net,541-01-3335,"11061 Tammy Villages Apt. 214, Reginaberg, OK 16728",+1-903-855-7205x790,1994-11-26
Thomas Garcia,jarellano@example.net,653-28-5876,"8170 Kathryn Knolls, Robynville, MH 64838",6329256778,1985-03-30
Scott Graham,preid@example.com,358-84-0416,"70816 Taylor Forest, Noahchester, ID 16601",215-217-0304x032,1937-06-23
Jeffery Turner,carriekane@example.com,752-30-8092,"685 Smith Dam, Port Mario, IL 62785",502-902-3343x6637,1940-01-12
Jonathan Johnson,samuel83@example.com,701-66-9398,"45627 Owens Prairie Suite 949, Zacharyshire, PA 70701",797.980.4495x982,2006-12-13
Sara Berry,christopherhunt@example.net,378-57-1273,"Unit 2570 Box 9206, DPO AP 14884",+1-285-673-6582x7925,1942-07-25
Patrick Butler,jonathan39@example.net,225-10-5170,"5731 Victor Centers, West Roger, CT 85070",222-270-7166,1968-08-12
Scott Chen,seangarza@example.net,821-25-8581,"144 Becky Port Suite 198, Garyport, OH 44768",534-457-0288,1944-07-26
Jasmine Martinez,howellheather@example.com,828-95-8971,"078 Ryan Plaza, West Aliciachester, PA 26422",+1-952-919-0526x723,1951-04-30
Michael Black,smithmarilyn@example.net,768-11-3705,"6584 Rose Center, West Nathanhaven, GU 58570",(582)322-5857,1939-04-25
Tammy Miller,christopherhall@example.net,847-09-6372,"9916 Kathleen Square Suite 521, Thompsonfort, ME 86557",229.903.6998,1951-12-14
James Guerrero,lambertmario@example.net,705-28-6361,"268 Gould Cliffs, Bettymouth, NM 87597",623.873.2069x196,2005-04-08
Kaitlyn Ortega,nicholas04@example.org,080-04-1634,"658 Johnson Path, Peggyhaven, NJ 73728",+1-680-816-5204x4834,1962-08-24
Tracy Valdez,andrewvargas@example.org,677-80-0136,"848 Dana Gardens Suite 171, Byrdview, NV 16704",522-205-1426,1946-08-03
Clayton Newton,carlos07@example.net,619-99-9763,"73022 Sierra Divide, Steveborough, AZ 98685",639.560.3397,2002-07-22
John Turner,valenciamarvin@example.net,786-28-9169,"5026 Vasquez Tunnel, West Anthonymouth, IL 51477",(342)271-8924x833,1999-09-25
Timothy Garcia,emacdonald@example.org,202-18-1381,"USNS Moore, FPO AP 95842",709.512.4201,1938-03-26
John Jacobson,raymond17@example.org,297-10-0066,"PSC 6156, Box 8971, APO AE 73462",(920)439-1532x687,1951-03-30
Catherine Jones,leehannah@example.com,655-64-5320,"21361 Hill Glens, Harveychester, KY 80434",+1-820-765-6399x401,1987-03-26
Sara Morris,pattymorris@example.net,763-07-4034,"608 Richardson Park, Ramirezshire, MP 78678",666-415-9323x6562,1976-03-23
Shannon Atkinson,david01@example.com,797-87-5745,"9259 Roberts Ford Apt. 090, Erikmouth, AZ 53272",264.628.1940,1941-02-12
Leah Hancock,olsenlydia@example.org,581-11-4384,"514 Reynolds Courts Apt. 518, New Jaimeton, IL 19744",001-838-300-9058x281,1965-07-25
Robert Butler,wcharles@example.org,323-63-2278,"5780 Justin Causeway Suite 448, North Ronald, OK 37841",(784)648-6857,1951-04-02
Kevin Reed,kchambers@example.org,408-90-1745,"930 Murphy Freeway, Johnside, PR 45458",9677618708,2002-07-14
Pamela Lee,mcgeekristina@example.com,436-33-6324,"Unit 3843 Box 9958, DPO AA 48030",001-346-825-9983x171,1935-06-29
Linda Hensley,christine53@example.net,629-25-3329,"Unit 2976 Box 5162, DPO AP 48483",001-418-681-8697x263,1987-11-27
Kathleen Chavez,floresjessica@example.com,874-27-6978,"779 Kristen Point Apt. 569, North Timothyfurt, OH 51195",(629)916-1128,1952-06-03
Brenda Mora,sharongriffin@example.org,163-68-9882,"59967 Diana Park, South Adamhaven, OH 70267",001-750-452-0069x352,1949-03-15
Victoria Banks,jason41@example.com,891-10-8350,"7740 Hopkins Neck, Lake Bethbury, SC 11848",680-271-1137x07764,1939-01-28
Richard Williams,michael08@example.com,778-59-5767,"301 Elizabeth Shores, Jonestown, PA 64664",(820)302-6459,1959-01-07
Katherine Bond,hillrachel@example.com,027-38-4178,"762 Andrew Valleys, Richardsonview, AS 21458",939.731.5075x52712,1988-08-30
Mr. Andrew Silva PhD,billy35@example.com,443-15-4195,"50301 Donald Islands Apt. 714, Lake Wendyside, VT 72703",972.717.6025x7339,1973-11-30
Christopher Rodriguez,phillipsherman@example.net,710-41-0517,"91943 Murray Centers Apt. 439, South Chelseaport, VT 33315",(594)799-3409x3250,2001-12-14
Aaron Davis,sarabyrd@example.net,642-70-5461,"07449 Ryan Extensions Apt. 953, Williamfurt, WY 16856",(703)765-5657x2358,1969-08-10
Amanda Lopez,ronald12@example.org,788-25-6737,"152 Brown Locks Suite 653, Bowmanchester, VA 56403",+1-236-990-8912,1978-06-20
Nathan Carlson,michaelporter@example.org,832-20-1079,"21027 Harrison Rapids, South Zacharyland, SD 68100",862-730-8683,1979-11-05
Scott Hernandez,aprilhiggins@example.net,881-45-7532,"40298 Williams Tunnel Suite 904, Monicashire, DC 43153",355-784-2583x74396,1973-10-10
Bill Barker,lhinton@example.net,385-95-4993,"PSC 8040, Box 9825, APO AP 09283",293-562-8370,1968-09-03
Kathryn Green,torresluis@example.org,504-68-1282,"38070 Roy Stream, East Bethchester, ID 81339",5102358780,1994-01-27
Courtney Oconnor,hollykennedy@example.net,681-64-3097,"6655 Adams Cove, Kathytown, PA 68605",946.914.1248x44789,1998-12-06
Bradley Knox,alfredwilliams@example.com,119-62-4808,"USNS Smith, FPO AA 45390",+1-948-341-5686,1973-07-28
Stefanie Webb,williamsmith@example.org,124-42-7023,"577 Don Skyway Suite 435, Lake Peterburgh, IL 01552",001-907-715-8503x526,1974-05-19
Jared Ross,mcguirecourtney@example.org,787-93-5623,"5649 Becker Plaza Suite 004, Christophertown, AR 64260",+1-708-297-4330x689,1950-04-27
Jason Jones,xbartlett@example.org,062-86-5564,"5554 Katherine Lodge, Port Mary, CO 85155",001-502-808-1780x676,2002-09-09
Pamela Peterson,jwatkins@example.net,218-65-2025,"761 Hawkins Ports, East Kari, GU 91203",376-695-3525x28939,1998-09-24
Brett Morgan,myersjennifer@example.com,307-94-9768,"68800 Stephens Bridge, Lake Katherine, AS 24896",+1-670-772-8809x6246,1981-02-19
Kenneth Woodard,kmiller@example.net,381-23-0899,"34267 James Unions Suite 413, Emilyberg, CO 47063",001-596-301-7622x526,2006-02-17
Deanna Kirk,smithjessica@example.org,698-82-2254,"81848 Christopher Dam Apt. 602, New Michaelbury, IL 92871",+1-926-327-9395x745,1934-05-24
William Ward,larakaren@example.org,649-75-8761,"143 Sean Street, Michaelberg, MI 15918",768.857.9132,1936-08-12
Francisco Mcknight,taylorjonathan@example.net,811-84-1847,"36461 Jesse Groves, Lake Jasmine, OH 59643",+1-528-683-5239x531,1990-04-27
Tiffany Strickland,kimberlyhardy@example.org,374-63-8054,"42488 Dorothy Trail, South Angela, GU 07477",671-830-5556x032,1961-08-13
Taylor Anderson,qnash@example.org,725-70-8763,"877 Ryan Route Suite 268, Martinfurt, CO 46658",+1-236-990-3024x443,1953-04-01
Danielle Johnson,yross@example.org,787-04-5645,"2734 Scott Isle Suite 289, Andrewsfort, IA 26409",789-727-8192x9208,1975-01-22
Matthew Smith,joshua64@example.net,672-97-4275,"67498 Amy Plain Apt. 119, Johnsonland, IN 84589",001-374-587-3107x736,1981-05-16
Dennis Dixon,thomasclarke@example.com,323-61-5290,"542 Erin Motorway, Dominguezview, MO 56508",+1-966-419-0456x8433,1945-12-04
Tiffany Ross,dianehutchinson@example.com,402-62-3487,"6294 Chavez Green Suite 036, South Jayburgh, VA 58347",(990)924-2082x260,1934-10-28
Amanda Lynch,hcampos@example.net,614-76-0616,"8474 Jimenez Key, Greentown, KS 22229",+1-440-730-8690x6895,1981-06-26
Sheila Wilcox,daniellehoward@example.org,297-76-4265,"8220 Stone Falls, Fisherport, NE 66197",410.571.9474x81412,2002-02-18
Travis Campbell,awheeler@example.org,543-88-1545,"7252 Heather Field Apt. 642, New Lisa, AL 04946",(657)621-6028,1982-06-15
Jennifer Young,dorothyhill@example.net,094-57-3504,"6491 Melissa Island, Murrayfort, IL 11254",(401)709-0901x823,2000-05-11
Alexandria Soto,stephanie68@example.org,616-27-5906,"Unit 6214 Box 1985, DPO AP 17571",(944)667-4803,2006-10-18
Stacy Huff,charlotte37@example.org,100-97-2113,"402 Gina Parks, Zacharyport, NH 03809",371-931-2818x0257,1941-01-29
Brian Smith,hmartinez@example.net,244-57-2830,"844 Allison View Suite 686, Shanehaven, TX 35678",+1-347-519-3106x1057,1981-11-17
Russell Myers,sanderstiffany@example.com,281-33-9932,"678 Hall Fall, North Wendy, CA 11540",919-765-9639x206,1954-09-25
Patty Hall,amber83@example.com,536-67-6603,"4530 Daniel Inlet Apt. 568, New Brittanyshire, ND 93375",(724)682-4277x0960,1997-01-28
Alyssa Hogan,fdavis@example.net,747-64-1709,"97806 Hernandez Lodge, Michaelfurt, UT 53178",(246)267-1267x19810,2001-06-26
Scott Richards,natasharobbins@example.com,644-99-1515,"805 Martinez Islands Apt. 195, Lake Juliaton, AR 56078",898.456.8467,1936-06-23
Allison Gordon,pcollins@example.com,193-91-3369,"274 Alyssa Unions, Bradfordstad, NM 49943",(749)372-6624,1938-08-20
Edward Wolfe,kenneth87@example.org,557-88-2779,"778 Zachary Inlet Apt. 508, Davidside, PA 91318",001-859-494-5597,1970-09-15
Angela Kim,ericmorris@example.org,430-18-1222,"627 Patricia Stravenue, Elizabethmouth, MI 75948",(895)779-6155x080,1987-03-17
Sharon Kline,gavin52@example.net,891-43-7032,"5934 David Street, New Allen, NY 48708",(346)602-7476x207,1972-09-26
Robin Lynch,amanda97@example.net,041-71-5833,"11530 Hernandez Rest Suite 443, North Joefurt, IA 85981",(310)237-3678x043,1966-07-23
Kyle Maxwell,sharonhatfield@example.com,095-50-5281,"171 Wood Union, Scotttown, MD 83204",(606)567-0784x4842,1990-11-27
Joanna Washington,laura27@example.com,234-06-2710,"966 Yates Prairie Suite 865, Aliciaton, CA 21040",395-299-8503x28274,1978-05-21
Brian Davis,paulbenson@example.org,326-52-0548,"12415 Ana Square Suite 646, Reyesside, NV 03262",+1-646-259-9970x9740,1964-12-18
Marvin Jones,shannonhurley@example.org,862-67-1948,"88104 Singleton Ferry Apt. 780, Davidhaven, AZ 58710",362-421-3871x2711,1989-06-06
Angelica Williams DDS,brandon66@example.net,774-11-6665,"1133 Johnson Shore Apt. 628, Meyerstad, NC 07665",+1-404-585-0867x1489,1981-03-25
Stacey Zimmerman,xthompson@example.com,738-83-2247,"091 Debra Crossing, Reginaside, MH 10614",218-971-5763x89433,1996-12-15
Nicholas Rice,christopher24@example.net,409-31-8520,"663 Browning Walk, South Kimberlyport, KY 48385",+1-495-231-6247x1427,2006-07-25
Walter Lee,burtonwendy@example.com,263-34-7906,"202 Vazquez Terrace Apt. 548, Cruzborough, FM 87494",+1-586-825-7642x137,2001-05-25
Derrick Blake,charles62@example.com,276-51-3055,"60707 Nielsen Junctions Apt. 447, Byrdtown, AZ 55620",890-817-4981x95445,1947-08-22
Keith Henry,courtneyzavala@example.net,125-45-4374,"777 James Hollow Apt. 614, Cobbland, PA 96074",3629632060,1982-08-10
David Andrews,martinezkimberly@example.org,032-64-1729,"8066 Koch Trail, Jacksonchester, ME 74886",860.214.3624x1026,1991-09-28
George Stephenson,sarahstephens@example.org,484-25-6635,"9923 Teresa Coves, East Shawnchester, ME 10233",431-547-5572x95771,1934-03-16
Candace Olson,bjenkins@example.org,059-23-2625,"9212 Stein Mall Suite 873, East Carlos, MI 97113",001-221-496-4033x423,1962-10-07
Tracy Howe,aaron43@example.org,260-27-2397,"47673 Mcintyre Port, Dillonton, PR 71066",+1-782-948-0153x789,1966-01-12
Ronald Robinson,joshuahutchinson@example.net,402-93-1571,"4709 Simmons Village, Deborahbury, NY 82657",(243)904-3764x550,1946-08-01
Michael Harris,xrosario@example.com,124-80-5240,"335 Woods Dam, New Breanna, FL 85941",785-200-6863,1943-10-26
Sheila Flores,brian55@example.com,097-27-5053,"0913 Montgomery Manors Apt. 362, Christineland, SD 64068",949-309-4815x213,1956-07-29
Jordan Wilson,epaul@example.com,178-08-0514,"881 Robert Cliff, Christopherton, VI 52033",+1-601-445-6686x8460,1954-05-02
Erica Nelson,xboyd@example.com,564-36-0188,"4420 Evans Loop, Erinfurt, IN 33230",001-437-728-3131,1953-11-19
David Arnold,darren22@example.net,711-86-0133,"551 Henry Crossing, Sullivanland, UT 76720",567.480.3037,1963-01-08
Jacob Cantrell,nicole75@example.com,333-96-8785,"12212 Wright Fall Suite 141, Riverston, AK 93074",668-792-3362x377,1966-09-04
Rachel Bernard,phillip32@example.org,090-44-9782,"25182 Maldonado Via Apt. 752, Port Amandaview, NH 14995",(212)538-8576,1949-11-15
Christine Levy,fschwartz@example.org,020-56-1628,"871 Jennifer Forks Apt. 061, Markmouth, ND 37860",+1-896-519-2010x268,1946-09-27
Roberto Weber,clarkmichael@example.net,704-96-4050,"267 Petty Neck Apt. 418, East Patrickland, FL 69796",526.912.9631,1998-04-26
James Kramer,georgewarren@example.com,274-23-1981,"789 Powell Orchard, New David, SC 95637",9702931773,1985-08-06
Kyle Payne,bonnie82@example.com,021-42-2989,"42286 Anthony Station Apt. 399, West Ryan, WA 42202",001-354-407-4245x248,1934-10-07
Valerie Rocha,martinsteven@example.org,075-98-1355,"095 Fitzgerald Point, Crystalhaven, AK 94623",9259085026,1969-06-11
David Glover,dennisjackson@example.net,034-58-8837,"66882 Lori Causeway Suite 325, Millston, GU 33561",+1-502-327-6863x909,1942-03-04
Nicholas Castro,jordanvelez@example.net,527-99-1887,"227 Kimberly Squares, Lake Brent, AK 39407",2322532936,1955-08-09
Lawrence Gibson,mckinneydavid@example.net,352-59-7009,"448 Blake Estate Apt. 304, South Williebury, PW 69297",247-685-7640,1974-02-20
Margaret Ayala,elizabeththompson@example.com,263-47-0522,"7633 Ayala Alley Apt. 521, North Judy, KS 82894",(491)814-0428,1956-05-28
Jorge Stevens,scott07@example.com,856-92-9941,"79682 Reynolds Expressway Apt. 418, Port Chasestad, MO 57022",001-987-676-6907,1987-03-28
Brandon Cherry,kpetty@example.com,770-86-1554,"Unit 6576 Box 0311, DPO AP 80706",418-656-8493x33340,1993-05-31
Joshua Peterson,ygomez@example.org,286-74-7996,"634 Justin Walks Apt. 064, Catherineland, VI 16288",(915)991-9866,1989-05-21
Ashley Fletcher,larachristopher@example.net,054-74-5194,"348 Vazquez Key, Duncanshire, AR 85380",+1-568-669-4589x2589,1936-04-19
Kristen Miller,lopezmark@example.org,067-27-7647,"5209 Young Knolls Suite 124, Lisatown, OR 99753",+1-455-622-7362x0458,1999-06-04
Michael Garcia,thomaswilson@example.net,472-83-9977,"PSC 7466, Box 1002, APO AE 23270",001-565-216-5880x708,1956-03-05
Laura Chan,nfreeman@example.net,445-33-8656,"Unit 8731 Box 2909, DPO AA 60778",+1-441-767-8385,1963-05-13
Brian Werner,fischerjoseph@example.net,108-90-2124,"19704 King Fords Apt. 985, New Laura, LA 99189",727.895.3755,1987-10-04
Kelly Herring,julia41@example.com,494-85-6904,"6315 Collins Burgs, Saraport, NV 78435",(349)646-3070x1197,1958-01-15
Jose Hernandez,burkechristopher@example.net,365-05-1660,"2650 Garner Extension Suite 148, South Richardburgh, MA 03978",340.310.7992,1953-03-11
David Gray,timothy99@example.com,093-04-6499,"074 Stewart Land Apt. 527, Dudleytown, NJ 87279",407.546.2059x1742,1988-09-08
Holly Edwards,ramseybrittany@example.com,263-29-2907,"93569 Harris Crest Apt. 578, North Benjamin, OR 37502",(316)460-1061,1972-11-26
Lisa Stevens,lewiskelly@example.com,885-47-2017,"345 Davila Prairie, Rosarioburgh, OR 36565",2203105059,1963-07-05
Vanessa Kent,xvasquez@example.com,180-53-9993,"0016 Parker Drives Suite 249, North Connieshire, CT 12755",001-458-519-1428x429,1994-05-23
James Archer,tdean@example.com,481-65-2426,"900 Morris Ridge Suite 991, Lake Johnton, KS 19037",(832)666-9112,1977-07-05
Maureen Murray,zpitts@example.net,470-72-9439,"0505 Castillo Mission, Port Carrieport, AS 72878",+1-981-600-4534x957,1957-05-25
Breanna Edwards,bflores@example.net,063-82-6151,"57167 William Run, Armstrongland, WI 92857",+1-614-261-0852x059,1990-12-05
Evan Martinez,kmiller@example.com,894-40-1851,"01410 Kara Junction Suite 413, Gabrielside, NH 03980",373.388.4597x90301,1980-01-19
Victoria Pearson,lauren45@example.com,560-48-2668,"7584 Kennedy Parkway Suite 194, North Brian, AR 70983",882.327.7003,1968-02-21
William Melendez,bhammond@example.org,257-61-1691,"0448 James Circles, South George, MP 47561",380.679.4313x84518,1995-09-06
Amanda Hernandez,erin32@example.com,004-73-8584,"28677 Thompson Lodge Suite 803, Paulview, RI 71425",001-243-788-1831x929,1954-10-17
Michael Stewart,rwallace@example.com,709-83-1929,"0614 Sean Manors, North Eric, MP 27159",(204)572-4601,1956-06-30
Steven Martin,christine57@example.org,595-73-4407,"3466 Robert Pass, Wolffurt, VT 14619",(343)992-9512x0070,2004-05-31
Misty Scott,timothyguerra@example.org,621-24-5984,"223 Morris Canyon, Angelamouth, GU 66408",359.318.6874,1967-04-15
Matthew Gilmore,morgan47@example.com,451-46-0105,"634 Christina Trafficway Suite 680, East Dawnbury, CO 30229",(220)813-3255x16312,1963-03-05
Tanya Pierce,moyerjay@example.org,326-64-7950,"3315 Wyatt Haven, North Richardfurt, NH 68259",(672)608-2958,1940-11-07
Jason Ramirez,hsmith@example.net,153-04-7265,"3121 Malone Manor Suite 750, West Kennethside, KY 28273",7976996712,1991-07-17
Jacqueline Woods,tracynelson@example.com,301-53-7686,"PSC 3402, Box 3077, APO AP 66405",871.964.9818x861,1991-10-15
Ashley Farley,evanphillips@example.net,117-17-9216,"Unit 8514 Box 4421, DPO AA 01436",(433)811-2027x00181,1973-03-10
Sarah Fletcher,jenniferrogers@example.org,869-40-3329,"4658 Williams Inlet, West Eddiefort, WV 41782",207.577.0138x554,1941-09-24
Roy Duran,chase47@example.org,006-18-3588,"8658 Delgado Walk Apt. 911, Foxhaven, NM 36490",+1-975-692-9797,1957-12-16
Martha Bryant,knighttravis@example.org,724-70-2710,"29768 Christopher Rapid Apt. 657, Hornhaven, UT 56283",001-592-529-3142,1976-05-08
Pamela Green,jonathan44@example.com,225-58-6079,"805 Murphy Street Apt. 651, Lake Ruben, ND 30072",801.435.4537,1938-03-15
Mrs. Kendra Smith MD,oliverann@example.org,615-59-6337,"8149 Braun Curve, East Andrew, MA 04720",+1-980-985-6064,1937-02-03
Melissa Hood,blackkimberly@example.com,731-22-5796,"622 Jay Oval Suite 760, Patriciaborough, AL 64763",599.599.3507,1956-10-24
Kristy Gonzales,dhopkins@example.net,160-67-8897,"35243 Simpson Springs Apt. 169, East Elizabeth, DC 48707",268-625-4668,1961-01-31
David Smith,ggibson@example.com,362-10-4303,"USNV Hunter, FPO AE 84715",597-404-4092x6581,1958-12-05
Alex Carter,mhudson@example.org,889-05-1832,"51067 Kathryn Greens, Mariahfort, VA 81909",5119696135,1964-08-26
Tanya Adams,tommy63@example.org,086-15-7384,"17519 Brenda Crossroad Suite 867, South Juliamouth, GA 13760",+1-795-961-3017x220,1965-01-03
Dr. Herbert Thompson,steven71@example.org,624-05-2266,"682 Clay Ranch, East Chelseahaven, IA 48791",413-444-5582x19144,1949-07-14
Adrian Perry,ellisanthony@example.net,676-97-9475,"3890 Steven Key, Lake Deborahfurt, MD 32346",371.253.7489,1949-04-17
Stephanie Jackson,haynesdavid@example.com,289-62-3574,"425 Christensen Tunnel, Samanthashire, WI 68099",404.764.2797x7865,1996-11-11
Randy Cole,joshua78@example.net,891-85-7511,"2839 Donna Crest Apt. 477, Garnerberg, ND 93022",001-872-586-6396x214,1992-12-16
Patricia Arnold,teresa72@example.org,458-41-0782,"193 Samantha Key, Jamesmouth, GU 23521",331.806.0354x14678,1959-11-12
Christina Taylor,heather70@example.net,005-49-7154,"2518 Taylor Cove, Natalieport, IL 66130",(764)800-6693x6927,1986-08-24
Mary Mcgee,millerkathryn@example.com,765-27-2718,"16324 Jason Oval, Jessicabury, PW 36321",001-382-985-7172,1957-10-12
Jennifer Webster,obass@example.com,216-04-2960,"6447 Ramirez Haven, Port Sethberg, DE 37435",(644)367-1946,1952-04-01
Nicole Williams,cassandra03@example.com,049-40-6345,"Unit 7932 Box 7818, DPO AA 13232",001-316-211-6767x636,1996-02-25
Michael Lopez,alicia01@example.com,036-69-6202,"097 Rodriguez Lodge Apt. 335, North Jonathanland, PA 33449",+1-322-767-7026x931,2003-01-30
Phillip Cardenas,joneshannah@example.net,136-12-9818,"83516 Elizabeth Vista Apt. 148, Barrberg, MH 00506",415-844-3343,1987-03-10
Laura King DDS,chris63@example.org,130-33-1350,"481 Shannon Land, Kimberlyshire, NC 71632",982-456-3149,1980-04-21
Deborah Gonzalez,heathanthony@example.net,870-90-5481,"63998 Rangel Forge Apt. 459, Williamsport, MH 67338",2717151332,1970-04-01
Mary Hood,ecunningham@example.net,528-96-7333,"01975 Meyer Wall Suite 017, Colonmouth, PA 76734",001-665-358-2881x271,1942-10-29
John Ryan,chaneyaustin@example.net,444-98-0857,"985 Ronald Fall, East Teresa, VT 13658",001-389-497-8492x393,1999-11-18
Caleb Brooks,michaelwoodard@example.net,567-88-1278,"PSC 8956, Box 8777, APO AP 31394",+1-456-334-6527,2001-10-10
Christopher Garcia,taylorelizabeth@example.com,626-14-9464,"5855 Nicole Estates Suite 770, New Henryview, KY 67905",391-980-3242,1936-05-19
Devin Macdonald,sevans@example.net,721-88-3627,"0362 James Village, South Paul, NV 54548",769.576.4548,1998-09-17
Jesse Henry,alexanderdavis@example.net,317-35-9403,"76546 Jessica Land Apt. 523, New Donald, PA 70738",5934739475,1996-10-03
Julian Fisher,gregory00@example.org,084-96-6054,"2263 Christina Stream Suite 310, Gabrielside, CA 05736",8118553147,1950-05-15
Christina Patrick,brownjohnny@example.net,736-35-0165,"01892 Skinner Trail, North Davidside, VT 51430",(285)908-4611x56258,1956-07-04
Wanda Garcia,zachary80@example.org,410-38-9220,"897 Cook Row, Chapmanside, ND 53174",698-754-3863x1862,1968-05-07
Thomas Hunt,john46@example.net,739-54-1157,"84023 Morgan Lodge, Millertown, RI 03886",5478432172,1973-05-17
Connor Lyons,russellmoreno@example.net,392-49-9034,"868 Kaitlin Valleys, Elizabethfort, LA 99167",+1-739-688-6360x6434,1988-05-29
Ashley Ross,rebeccamason@example.net,850-30-6538,"02657 Corey Forest, South Ryan, NH 20363",218.955.3594x424,1941-09-13
George Pearson,johnsonpatricia@example.net,297-98-9637,"Unit 1407 Box 4651, DPO AA 80336",001-203-913-3662,1954-03-08
Robert Rose,aprilcarney@example.net,685-83-8738,"302 Jason Mountain Apt. 311, Grahamside, NE 49016",(425)236-5076,1980-07-02
Daniel Wright,emilyjohnson@example.org,402-09-7656,"69307 Isabella Mills Suite 155, South Mirandamouth, FM 33635",371-460-7198,1985-08-17
John Duncan,ryancummings@example.net,762-59-4019,"179 Black Path, West Rebeccastad, MO 01735",624.689.8659x124,1977-10-30
Kent Lambert,williamsnicole@example.org,551-10-2865,"62344 Russo Springs, Morenoside, ME 50516",588.381.9562,1998-05-22
Melinda Stevens,stephanie92@example.net,680-55-7877,"PSC 6708, Box 1250, APO AE 90536",+1-472-252-1289x0949,1971-10-18
Blake Weber,lgarcia@example.net,270-25-6107,"683 Jones Tunnel, Port Rachelhaven, MA 78922",(661)782-8511,1990-06-14
Allison Miranda,joshuareed@example.org,699-87-4834,"175 Jodi Oval Apt. 022, Warrenmouth, NV 91138",813.908.6115,1996-11-23
Nicole Simon,bkim@example.com,600-75-5563,"840 Myers Extension, East Brenda, LA 94752",+1-627-335-4909,1947-06-14
Lisa Taylor,jpatel@example.net,040-70-9653,"61106 Dennis Gateway, Griffinshire, SC 25157",001-555-226-1740,1991-03-31
Joseph Mayer,jlewis@example.net,226-21-5516,"5576 Raymond Points, Bellmouth, MA 02854",(433)722-0806x685,1952-09-10
Latoya Harper,lburke@example.org,604-89-0486,"8863 Anderson Corner, New Patrickton, FL 95545",282-531-9879x971,1991-03-05
Eric Wilson,ashleyarroyo@example.com,057-59-6016,"USS Tate, FPO AP 80950",2702795192,2005-06-18
Nicole Bell,sharon84@example.org,278-42-1267,"26046 Gray Shores, Port Michaelport, OR 19323",+1-408-408-3682x9842,1981-01-20
Brittany Carrillo,thomasmichael@example.com,194-99-2955,"2588 Deborah Courts Apt. 487, Victorfurt, NJ 82488",+1-956-454-7851x547,2003-08-08
Sarah Smith,lopezmichael@example.org,241-15-0356,"4780 Latoya Points Apt. 563, Martinezmouth, CA 78567",(421)332-6303,2000-11-24
Javier Hughes,csmith@example.net,503-16-9281,"80366 Ronald Gateway Suite 065, Jacksonberg, DC 27129",(673)343-6218,1943-12-19
Mrs. Deborah Gonzalez,utaylor@example.net,172-89-4532,"50820 Kayla Cape, New Tracey, UT 02784",8727424906,1995-12-21
Ashley Miller,staceyorr@example.net,766-56-4151,"PSC 2679, Box 7376, APO AP 13299",001-733-509-4165x198,1962-11-20
Jeremy Hicks,ygarrison@example.org,336-98-2983,"19867 Donald Valley Suite 151, Port Brianna, MI 49486",(816)343-2747x73304,1962-07-20
Joshua Wade,peter88@example.com,764-42-1048,"22852 Jessica Bridge Suite 240, Port Omar, NY 57737",4585927587,1999-09-25
David Lamb,zingram@example.net,837-81-9128,"53481 Nathan Stravenue, New Ana, OK 85938",864.953.1887,1976-09-13
Jeffrey Williams,gcarter@example.net,370-02-0489,"1151 Miranda Villages Suite 751, Harrisburgh, GA 38574",(294)422-3780x99274,1963-08-11
Gary Brown,stevensjacob@example.com,729-80-9970,"823 Jermaine Fort Suite 006, East Lisamouth, DC 89209",4455794627,1938-05-10
Jacob Winters,jdouglas@example.org,135-24-1251,"83269 Torres Street Suite 007, South Benjaminburgh, DE 35946",(809)830-3125,1988-04-09
Dylan Coleman,brownkatie@example.org,569-20-3880,"9966 Makayla Passage Suite 491, West Christinemouth, GA 02906",(693)723-3447x8286,1982-09-24
Russell Walker,beardfernando@example.com,612-82-4562,"86188 Coffey Isle Suite 703, South Michaelfort, AK 41746",001-454-494-5358x095,2007-01-12
Samuel Parker,karen02@example.org,204-96-7337,"1164 Gutierrez Rapids Apt. 992, North Kimberly, AS 97821",(701)895-3979,1978-11-22
Rachel Johnson,littledanielle@example.net,055-08-7486,"967 Jeffrey Locks, South Shaunfurt, SD 49316",6965211044,1947-09-27
Hector Gallegos,jacobbrown@example.net,054-55-8686,"8115 Williams Garden, Brownborough, VT 21343",(807)928-0719,1966-06-30
Christopher Taylor,vazquezamber@example.net,095-38-6005,"68767 Young Villages Suite 173, Maryfurt, DE 85470",580-496-3330x4533,1985-09-14
Brooke Dyer,mingram@example.com,343-40-5134,"63761 Todd Ville Suite 690, Jordanport, MN 31631",001-278-878-9480x081,2006-09-02
Andrew Moore,kingerin@example.com,155-20-2537,"07117 Marshall Crossing Suite 119, Burtonhaven, AS 29376",001-333-884-9278x535,2001-07-24
Sara Norris,alicemills@example.com,280-05-2066,"776 Soto Manors Apt. 099, Lake Jason, NM 26828",6174938039,1935-10-19
Justin Jones,jocelyn69@example.org,431-24-3904,"70341 Lawrence Vista, Melendezborough, RI 34996",(378)514-1395,1940-08-31
Greg Martin,jacquelinesullivan@example.com,377-47-1689,"60759 Anderson Shore, Port Ericshire, IL 58710",814.995.3939,1965-10-18
Alison Perez,millercheryl@example.net,166-69-6923,"7889 Karen Trace Suite 043, Lake Crystalside, VT 35791",376.791.2360,1961-11-21
Eric Hughes,pkim@example.com,650-09-0254,"38065 Brandi Parkway Apt. 528, New Natalie, DC 38373",(404)304-0003,1999-10-23
Jacob Joseph,timothy57@example.com,613-92-0622,"61582 Ray Courts, South Brendashire, LA 13345",(523)322-3761,1945-12-02
Amber Dougherty,justin52@example.org,667-70-9801,"6850 Francisco Mill Apt. 400, West Crystalborough, SC 37030",652.558.8013x0271,1981-03-21
Sonia Ball,alexandrafox@example.com,489-55-7326,"10802 Porter Spring Suite 072, Samuelfurt, OH 26344",964-272-8808x675,2005-03-07
John Fry,jrodriguez@example.net,084-47-0584,"PSC 8289, Box 3160, APO AE 51449",(282)906-3314x91663,1959-05-24
Alicia Silva,pamelarodriguez@example.org,551-74-8662,"25985 Sullivan Green Suite 145, Loriborough, LA 56858",(328)891-3312x9795,2002-12-28
Jason Wright,christinerussell@example.org,515-04-7796,"850 Eric Lane Suite 216, Reginaview, MN 92022",882.525.5640x743,1981-08-24
Dawn Cooley,sherrygordon@example.org,528-27-2502,"152 Morrison View, Sextonchester, AR 38222",(823)946-0490,1969-07-05
Kaitlyn Mcdonald,johnsondavid@example.org,538-34-6730,"8381 Erica View Apt. 751, Port Jeffrey, TN 03982",001-601-238-2445x378,1967-02-11
Kevin Marquez,samanthaallen@example.com,344-74-5457,"84575 White Tunnel Apt. 073, Nealhaven, GU 04124",6088162497,1963-04-28
Anthony Graham,markmaynard@example.net,845-31-1661,"1397 Pamela Loop, Port Edward, MP 57678",879-337-7811x9399,1974-08-07
Victoria Holt,thomas45@example.net,081-65-9447,"4564 Megan Junctions, New Christopher, MT 20741",001-644-648-1831x712,1934-07-02
Robert Perry,ruizdavid@example.org,723-59-2545,"488 Misty Estates, Christinaville, MD 29925",+1-299-791-6864,2001-05-27
John Lopez,bartondaniel@example.net,341-26-4812,"1808 Kathryn Points, Angelabury, SD 60329",(203)341-9771,1976-05-06
Daniel Lopez,sean22@example.com,437-59-9883,"4340 Jillian Station Apt. 545, East Stephaniehaven, OK 68371",620-660-4041x50340,1950-04-22
Travis Robinson,sherri10@example.com,757-41-3729,"620 Thomas Bypass, Walkerborough, AS 73222",001-802-338-3726x892,1963-10-03
Mr. Nicholas Williams,nicole63@example.com,845-47-0716,"1031 Hudson Brook, Ferrellbury, WI 54799",001-379-461-4153x502,1958-06-04
Matthew Kline,henry52@example.net,642-23-3055,"797 Nguyen Underpass, West Cheryl, WI 42644",914.676.8795,1980-08-18
Regina Huff,jwilcox@example.org,758-29-2793,"560 Mason Ridge, West Eric, PR 52219",001-803-387-8645x087,1992-12-13
Mrs. Dominique Daniels,davidpatterson@example.org,005-79-7115,"Unit 6196 Box 4000, DPO AP 74140",(526)934-0531,1942-08-07
Vanessa Ruiz,gordonmike@example.org,171-37-1181,"758 Sarah Valleys Suite 677, Stephanieborough, NV 84092",(937)804-3067x27321,1948-01-05
Margaret Jordan DDS,jonathanacevedo@example.net,002-49-6830,"01306 Smith River Suite 395, South Maryport, AR 88224",866.331.9037x415,1960-06-04
Bradley Smith,caseydeborah@example.com,306-59-0238,"752 Aguilar Well Apt. 292, West Nicholas, KY 18352",3607798654,2001-07-01
Christopher Wright,mooreolivia@example.net,610-73-0318,"140 Matthew Unions Apt. 563, Currystad, FM 13098",001-453-304-2400,1977-06-09
Ms. Amanda Thomas,douglas34@example.net,243-34-2732,"60119 Carmen Track, Carterland, CT 62707",651-315-2234,1946-07-28
Mark Martinez,awilson@example.net,011-30-8104,"72769 Guzman Manor, New Larry, VI 69985",(355)835-1721x5933,1976-07-26
Mrs. Morgan Moore,lorifox@example.com,798-91-6931,"8321 White Inlet, Briannaport, MO 99216",001-558-980-8824x763,1992-09-22
Aaron Miller,johnsonchristian@example.com,771-59-4156,"642 Baker Fort, Johnview, AR 33861",(214)564-1098x76632,1957-08-02
David Holmes,evansjessica@example.com,763-67-1642,"9071 Sydney Landing Suite 473, Perezmouth, WI 70144",800-790-6309,2001-07-09
Angela Wagner,shawn92@example.net,883-74-7195,"68418 Megan Mount, Timothyton, CO 90958",326-563-1826x3873,1975-02-28
Travis Garcia,mirandaelizabeth@example.com,131-45-7084,"693 Veronica Fork Apt. 872, New Gregoryfurt, AR 38990",+1-719-482-0983x6789,1939-12-08
Leah Weaver,virginia87@example.org,890-36-2889,"5483 Suzanne Center, Wardhaven, DE 51726",001-995-425-2323,1959-05-04
Molly Martinez,ashleycoleman@example.com,014-54-3047,"14550 Parks Vista Apt. 016, Julieberg, IN 68963",+1-798-517-2963x7743,1978-12-14
Stephen Perry,hoffmanerika@example.net,778-05-1825,"025 Maddox Mews Apt. 714, Chadstad, NV 82768",001-622-836-6640x073,1990-03-24
Thomas Gilbert,fpacheco@example.com,394-37-3216,"851 Brittney Street, Marvinshire, KS 64046",547-343-0333x1044,1972-05-05
Dennis Wise,kenneth36@example.net,667-72-6533,"18922 William Island, Morganfurt, WA 06118",001-381-916-4801,1935-05-02
Alison Black,ymartinez@example.com,213-01-0965,"4854 Mary Walk, New Paula, SD 39650",+1-787-627-0090x084,1939-11-12
Gabriel Robertson,lancesmith@example.org,317-46-9608,"9738 Kelli Squares, Lake Elizabeth, FM 84122",(616)220-9507,1978-01-26
Ashley Barry,barry09@example.net,733-04-1422,"83313 Howard Manor Apt. 937, Greenland, AS 46339",(351)412-8736,1940-12-04
Amanda Decker,delacruzkathy@example.com,498-24-5490,"2305 Chris Key, East David, WY 43893",5806157015,1942-01-08
Robin Clark,jeffrey21@example.org,322-88-2850,"832 Watson Views, New Samanthaberg, OR 53762",560-826-7199x644,1963-03-11
Mr. James Hogan DVM,michael43@example.com,604-55-8398,"14020 Short Bridge Apt. 738, Callahanview, KS 87000",(804)539-5597,1950-04-26
Gabriel Simpson,osalinas@example.com,551-38-9677,"55906 Wade Union Suite 390, Myersland, ME 76061",640.453.1546,1954-12-15
Jennifer English,oarellano@example.com,300-89-1274,"946 Melissa Drive, Fischerside, UT 37463",(588)341-0135x2242,1946-07-09
Regina Hernandez,rhunter@example.net,787-93-5521,"2037 Sonya Pine Suite 897, Lake Eric, GA 33669",650.437.6632x73203,2000-01-20
Jacob Reynolds,manderson@example.net,841-28-6333,"9911 Smith Squares Suite 072, South Jeff, AK 54335",669.476.5419x099,1998-01-05
Melanie Francis DVM,dlowe@example.net,380-42-4390,"985 Hamilton Forge, Tiffanyhaven, IL 41085",745.300.8916,1949-10-16
Colleen Washington,paul25@example.org,875-93-2093,"5312 May Park, North Brandonport, AR 18025",550-504-9434,1936-04-03
Tracey Smith,julia46@example.net,088-98-4697,"0235 Benson Fork, Lake Nicholas, TN 80588",382.368.8882,1995-07-04
Jacqueline Alvarado,aguirretom@example.net,062-44-2647,"4716 Adrian Island Suite 430, New Charlestown, MS 17250",(441)498-2910x643,2006-03-15
John Ferrell,chloe40@example.net,442-54-2640,"8314 Elliott Ports Suite 231, Allisonbury, AL 78810",200-483-9851x91000,1993-10-08
Penny Webster,lorichung@example.org,030-74-5574,"737 Morgan Centers Apt. 873, Port Patrickburgh, MS 85449",(890)734-8531,1943-10-30
Jason Adkins,evanscaitlin@example.com,168-27-0713,"902 Natasha Junctions, Parkerfurt, NE 38292",528-612-0109x96673,1941-01-18
Daniel Mcdonald,parkermariah@example.org,541-07-7660,"840 Michael Terrace Apt. 354, North John, AR 37095",(383)388-5213,1961-11-01
Destiny Yu,juliepoole@example.net,052-31-9902,"5314 Derek Alley Suite 585, Meghanland, NJ 24516",8109681443,1942-12-17
Alexis Jenkins,wbradley@example.net,231-94-8916,"09354 Park Extensions, Dustinfort, MT 51913",001-272-921-8265x729,1945-09-26
Bruce Cole,robert56@example.org,442-69-4734,"Unit 3611 Box 3773, DPO AP 78301",844.416.7859x7045,1965-12-07
Donald Adams,williamwoodward@example.com,821-89-7665,"3768 Daniel Vista, Yolandastad, WI 36260",840.210.0534,1958-09-06
Jodi Henderson,williamscatherine@example.org,771-42-0720,"8958 Emily Junctions, New Christopher, AK 68551",001-888-324-3437x779,1988-03-19
Spencer Baird,smosley@example.net,751-19-6378,"USNS Morales, FPO AA 09027",(705)301-7050x682,1952-02-29
Joseph Martinez,brandi93@example.com,062-96-7427,"4719 Benitez Forges, Melissaton, PW 18477",001-782-255-6838x793,1995-08-18
Jason Smith,shawmorgan@example.org,431-34-8792,"59724 Hernandez Station, North Taylor, MP 78827",001-857-829-2496x981,1964-11-13
Jason Mccoy,davidaustin@example.com,647-34-7946,"53545 Heather Mission, Cameronfurt, PR 28198",8037424658,1998-08-17
Stephanie Sherman,kylemitchell@example.com,648-83-8771,"7366 Angela Neck, Zoeburgh, ND 47509",8487247021,2001-05-23
George Reeves,charleskirk@example.com,601-91-3864,"PSC 0097, Box 9880, APO AA 19953",(900)748-3144,1966-10-02
Anthony Hill,stevenwilliams@example.org,518-81-4662,"939 Walls Rest, Harperchester, AS 25094",(871)858-0394,2003-04-13
David Rivera,sbest@example.org,079-03-6207,"70768 Brandon Drives, West Lydia, OK 27627",334.580.0436,1943-09-27
Michelle Beard,matthewsmith@example.com,701-08-5701,"01523 Richard Curve Suite 060, Danielmouth, MS 54916",001-455-731-9536x682,1985-07-16
Sean Anderson,andrewhall@example.org,370-69-2265,"USNS Calderon, FPO AE 44176",968.332.2237x78562,1974-12-23
Steven Turner,herreraryan@example.net,132-39-9258,"68094 Jason Squares Suite 338, Ericland, SD 86185",727-736-6605x5322,2003-02-24
Michael Mendez,michaelmccann@example.org,599-22-9845,"62689 Jeff Forks, North Andrea, FM 80865",296.294.3310x9829,1983-12-15
Michele Rogers,hunterdeborah@example.com,259-15-9690,"5104 Brandon Union, New Glennside, VI 28295",001-337-902-9656x519,1951-10-16
Joseph Shannon,joshua60@example.net,549-96-9769,"68648 Sarah Road Suite 656, North Lindseychester, ME 67656",(498)959-5007,1989-11-07
Noah Castro,sherri79@example.com,103-83-1129,"240 Jimmy Street Suite 661, Port Robin, OR 87103",577-714-3978,1941-09-29
Elizabeth Turner,rebecca00@example.org,222-31-1423,"5773 Sherri Inlet, New Melinda, IN 60150",(884)597-9797,1977-05-18
Robert Woodward,kelly99@example.net,767-07-3803,"527 Cross Pines, Crystalshire, NC 74967",912-506-4286,1940-07-13
Eric Hampton,linda22@example.net,709-23-9021,"PSC 5288, Box 8665, APO AA 49860",7456118657,1939-07-12
Craig Ramirez,melissa49@example.org,643-18-9990,"246 Cassandra Crest Suite 437, Angelashire, UT 77009",(229)895-9432x36081,2001-08-25
Christina Miller,cookmelissa@example.org,484-17-4068,"PSC 0470, Box 1364, APO AA 97374",955.231.5875x7609,1942-04-18
Kerry King,johngreen@example.com,155-03-4549,"294 Savage Cliffs Apt. 703, Stevenborough, PA 91889",5525796059,2001-12-26
Christopher Wiggins,johnsondavid@example.com,127-02-3877,"077 Sara Mills, Port Tiffanyville, VI 31165",942.643.3407,1955-03-15
Theresa Hester,tallen@example.com,090-73-6991,"USCGC Flynn, FPO AP 22989",277-339-8875,1984-12-30
Timothy Rios,james71@example.org,463-65-6870,"023 Meredith Curve Apt. 279, West Julieton, AS 70898",001-453-545-6959x140,1983-09-16
Christopher Thompson,vflores@example.com,141-25-5380,"8091 Nelson Causeway, Jonathantown, TN 21074",(308)551-7746x370,1999-01-12
Sheila Davis,joanne94@example.org,391-52-6697,"5209 Krystal Knolls Apt. 066, Vegamouth, OR 26069",566.637.0027,1937-12-13
Thomas Benson,xcampbell@example.org,719-88-8595,"244 Jean Alley, East Taylor, NJ 13077",(224)263-3920,1978-03-22
Rebecca Peters,norrismary@example.net,694-21-2087,"219 Alexandria Corners, North Megan, KY 34807",001-431-606-1758,1937-04-08
Austin Herrera,freed@example.org,512-38-0237,"1152 Wendy Row Suite 476, Woodtown, ID 82571",(806)468-2281x35382,1967-09-21
Ryan Jenkins,kanebrenda@example.com,888-67-5882,"264 Joseph Point Suite 847, Kennethmouth, IN 83173",(474)621-1087x6601,1980-04-22
Kevin Turner,maciasamy@example.org,742-75-7934,"96448 Andrea Manor Suite 494, East Scott, UT 76707",404-460-8602x1382,1980-09-07
Keith Bailey,marc95@example.net,864-19-4803,"7174 Fleming Mount Apt. 361, East Lisa, MD 44422",495.305.8423x899,1997-12-12
Michael Walker,michelle18@example.org,794-47-6177,"691 Brown Ridges, Lake Emmaburgh, OH 79438",(937)356-0241x181,1956-07-05
Wayne Henry,megan30@example.org,664-52-3931,"6370 Meyer Spur Suite 469, North David, AS 65330",+1-250-815-8396x4196,1967-08-03
Terry Smith,xmeyers@example.com,634-82-7448,"Unit 3514 Box 4151, DPO AP 25810",(828)471-3761x1113,1939-12-11
Charles Taylor,jenniferhill@example.net,400-25-4701,"1064 Hanson Harbors, Smithbury, NY 19410",+1-329-845-0753x850,2002-02-03
Michelle Garrison,kzavala@example.org,523-41-6428,"227 Alvarez Isle Suite 674, Lake Leonard, NC 36769",(671)384-2298x98848,1994-10-19
Katherine Colon,lowerykendra@example.org,723-42-3785,"10484 Allison Bridge, Ericaton, KS 81913",887.656.5502,1985-06-06
Sharon Stevens,jesusjones@example.com,871-71-0142,"87644 Pearson Summit, Andreaside, AR 87000",893-379-1339x3621,1953-01-11
Joseph Johnson,alexiswilliamson@example.com,509-94-0370,"23735 Michael Ramp, Port Christophertown, DE 68011",(893)780-0317x8099,1948-01-24
Charles Rodriguez,ashley87@example.com,033-34-0899,"Unit 8197 Box 9090, DPO AE 53805",001-547-294-7551x415,1985-06-05
Julie Gutierrez,markjohnson@example.org,795-08-1887,"91198 Jason Plains, Port Janice, MH 45093",+1-740-567-7988x784,1986-08-08
Michelle Gutierrez,ovelez@example.com,434-64-6746,"22357 Hess Spur Apt. 447, New Brendanburgh, KS 42718",379-204-2457,1998-03-19
Andrea Smith,imartinez@example.com,159-68-6034,"172 Michelle Way, Lake Paulbury, IN 33165",2045349377,1936-05-22
Joseph Lyons MD,amiller@example.org,320-98-8490,"60677 Wilson Plaza Suite 840, Danielton, CA 34039",(291)226-2251x752,1971-06-27
Denise Vazquez,charles16@example.net,825-86-4888,"20664 Alex Inlet Apt. 701, New Kimberlyton, WY 76474",225-600-0261x28099,1996-03-18
Danielle Fisher,carrie94@example.org,869-99-0967,"34281 Amanda Trace Apt. 338, Lisamouth, OH 57903",(658)930-7978,1985-02-06
Kimberly Carson,thomas65@example.org,610-66-6063,"203 Leslie Cove, East April, IN 20785",7247130987,1976-09-01
Charles Smith,alejandro58@example.net,508-61-6475,"5866 Gilbert Spur, Princefort, VT 00582",+1-976-502-5157x5665,1936-09-22
David Brown,gjones@example.net,872-62-6653,"PSC 1876, Box 0454, APO AE 06251",(676)973-8831,1977-10-27
Francisco Stanley,gary83@example.com,383-19-8288,"42111 Samantha Point, Romerotown, ME 88818",571-366-3610x2002,1961-03-11
Cynthia Conley,doris34@example.org,755-30-2043,"6751 Williams Islands Apt. 727, Ballborough, AK 37829",550.761.0792,2004-03-30
Madison Baker,sean07@example.org,051-12-8825,"0079 Matthew Run, Dennisstad, SD 72550",415.226.8113x71092,1965-05-22
Eric Pham,fergusonricardo@example.com,817-14-6415,"228 Brown Coves, West Kellyhaven, CA 57108",+1-884-556-6284x4646,1975-07-18
Regina Donovan,goodwilliam@example.org,667-19-0994,"4532 Christina Manors, Port Monica, NY 92578",+1-894-733-8117x0918,1982-04-22
Jay Barker,sherrilopez@example.org,783-15-2258,"18709 Tanner Lodge Apt. 354, Tanyamouth, OR 44379",+1-808-451-0209x3749,1993-03-14
Mark Taylor,emily73@example.net,387-75-1742,"12777 John Garden, Port Bobbyland, IA 65886",306.921.9655,1991-11-07
Joseph Weber,kevintucker@example.net,656-39-3757,"71863 Miles Loaf Apt. 993, Harrisonbury, MD 19585",+1-728-734-4802x4793,1945-07-18
Anthony Kaufman,jamesowens@example.net,045-71-7512,"026 Mark Mountain Apt. 886, South Melissa, AK 59410",(755)871-9171,1966-11-11
Anthony Mitchell,robertoyoung@example.org,054-17-7974,"69659 Garcia Circle Suite 237, East Taylor, MP 91985",474.549.5766,1973-02-08
Bradley Melton,diane56@example.com,124-21-8795,"7078 Andrew Lights Apt. 939, West Dawn, AZ 30285",+1-563-616-6352x8845,1935-10-03
Elizabeth Clark,barbara90@example.com,718-29-9241,"91959 Page Squares Suite 625, Sandraborough, SD 57511",+1-801-343-6208x785,1957-04-19
Jacob Johnson,mendezthomas@example.net,181-20-5888,"80457 Davis Corners, New Michaelport, FL 87374",8005856774,1938-03-12
Alex Brown,ymiller@example.net,105-51-8013,"6945 Erica Mills Apt. 259, Dunnstad, MH 96257",5129220861,1935-07-03
Michelle Romero,paul69@example.net,290-75-1808,"0926 Jerry Stream, East John, PR 18641",+1-343-354-4446,1956-07-07
Debra Crawford,leachmeredith@example.org,395-36-9811,"88902 Williams Hills, New Catherine, KS 94559",001-967-977-3947x793,1960-05-05
Alexandra Allen,dodsonangela@example.com,461-67-9985,"3751 Black Hills, Garyshire, VT 85567",+1-550-349-7109,1969-03-30
Holly Wiggins,sstevens@example.com,541-92-9819,"3438 Nicholas Trail, Michaelshire, NC 42575",001-508-316-3278x024,1952-08-20
Michael White,millerjoseph@example.net,675-17-5292,"462 Moody Port Suite 718, East Lorimouth, CT 45796",994.941.6063,1935-06-26
Sandra Newton,jeffreyblackburn@example.org,023-09-8922,"410 York Land, Port Jason, UT 58762",+1-559-905-3319x1452,1993-06-09
Caitlin Reed,imartin@example.net,628-14-9036,"62005 April Unions Apt. 579, Lake Marciachester, NC 01499",+1-400-958-5662,1936-08-28
Ashley Turner,jillluna@example.com,841-86-6982,"740 Carlos Branch Apt. 463, Brendafort, AL 50927",001-771-518-8409x167,1965-01-14
Kristen Vasquez,james20@example.com,479-17-9928,"Unit 2627 Box 0277, DPO AA 57763",001-882-518-4767x060,2006-01-30
Ralph Barry,obriendiane@example.org,604-91-1607,"277 Barry Junction Apt. 622, Kaylaport, IL 77789",(613)239-8928x71154,1958-08-01
Billy Stone,ppham@example.org,473-64-0229,"45722 Stephen Plaza, North Karenfurt, FM 94563",(948)283-1141x890,1969-05-24
Jaclyn Morales,renee33@example.net,187-54-1377,"2555 Samantha Row Suite 205, North Gabriel, CT 51756",001-592-619-1456x769,1936-12-24
Gregory Guzman DDS,pday@example.com,214-15-2030,"3557 Joyce Roads, West Tamiland, WY 21792",846.832.8043x09182,1961-11-06
Michelle Taylor,kristen92@example.com,069-25-1010,"570 Eric Drive, Lake Tanyachester, PR 60459",488.799.9081x17014,1951-01-11
Andrew Wong,kellygibson@example.net,721-26-8762,"40585 Melissa Mountain Suite 745, New Nancy, WY 50134",001-489-962-5587x306,1934-09-06
Yvonne Singh,agonzalez@example.org,772-60-3023,"060 William Trace Apt. 046, New Jacqueline, FL 29376",563.287.5194,1944-12-05
Melanie Rivera,daniel68@example.net,235-87-1935,"01530 Jones Islands Apt. 942, Goodmanport, RI 87062",575-425-1839,1938-02-27
Elizabeth Lopez,cannonbrittany@example.com,198-73-1528,"09540 Gail Mall, Johnsonmouth, AZ 26838",586.330.3295,1951-03-03
Christina Johnson,mark43@example.org,101-80-2722,"858 Roach Ridge, Justinberg, VT 40737",894-235-9587,1947-08-07
Nicole Brown,howard56@example.net,354-74-1756,"81065 Alicia Field, Kimberlyfurt, CA 87441",263.498.3108,1945-01-21
Stanley Joseph,tina89@example.com,299-70-5432,"461 Ramos Wells, West Michaelside, OK 40136",475-743-9933x11101,2003-09-06
Christopher Cooper,paulsmith@example.net,889-70-1023,"3362 Moyer Estate, West Anitaview, MP 20965",332-810-9095x708,1934-03-23
Ronald Rodriguez,jennifer19@example.com,586-63-2141,"84735 Evans Springs, Ramosstad, IN 48585",+1-364-250-0436,1950-07-30
